timestamp_ms,symbol,last_price,volume,open,high,low,close
1738368000000,BTC-USDT,97250.5,12.35,97000.0,97500.0,96800.0,97250.5
1738368060000,BTC-USDT,97310.0,8.72,97250.5,97400.0,97200.0,97310.0
1738368120000,BTC-USDT,97280.0,5.41,97310.0,97350.0,97150.0,97280.0
1738368180000,BTC-USDT,97420.0,15.88,97280.0,97500.0,97260.0,97420.0
1738368240000,BTC-USDT,97350.0,9.23,97420.0,97450.0,97300.0,97350.0
1738368300000,BTC-USDT,97500.0,22.15,97350.0,97550.0,97320.0,97500.0
1738368360000,BTC-USDT,97480.0,7.64,97500.0,97520.0,97400.0,97480.0
1738368420000,BTC-USDT,97600.0,18.92,97480.0,97650.0,97460.0,97600.0
1738368480000,BTC-USDT,97550.0,11.37,97600.0,97620.0,97500.0,97550.0
1738368540000,BTC-USDT,97700.0,25.08,97550.0,97750.0,97530.0,97700.0
1738368600000,BTC-USDT,97650.0,14.56,97700.0,97720.0,97580.0,97650.0
1738368660000,BTC-USDT,97580.0,8.91,97650.0,97670.0,97500.0,97580.0
1738368720000,BTC-USDT,97450.0,19.44,97580.0,97600.0,97400.0,97450.0
1738368780000,BTC-USDT,97380.0,13.27,97450.0,97480.0,97350.0,97380.0
1738368840000,BTC-USDT,97500.0,10.85,97380.0,97520.0,97360.0,97500.0
1738368900000,BTC-USDT,97620.0,16.73,97500.0,97650.0,97480.0,97620.0
1738368960000,BTC-USDT,97580.0,7.39,97620.0,97640.0,97550.0,97580.0
1738369020000,BTC-USDT,97700.0,21.56,97580.0,97750.0,97560.0,97700.0
1738369080000,BTC-USDT,97750.0,9.82,97700.0,97800.0,97680.0,97750.0
1738369140000,BTC-USDT,97680.0,12.15,97750.0,97770.0,97650.0,97680.0
